Entity Name,Category
Swiss Offshore Capital 8316,Shell Company
Delaware Consulting LLC 7195,Shell Company
Singapore Wealth Management 8566,Shell Company
Singapore Wealth Management 6070,Shell Company
Mauritius Asset Management 2316,Shell Company
Bahamas Investments Group 2197,Shell Company
Mauritius Asset Management 5556,Shell Company
Mauritius Asset Management 9283,Shell Company
Bahamas Investments Group 9809,Shell Company
Hong Kong Ventures Ltd 5084,Shell Company
Panama Holdings Ltd 176,Shell Company
Panama Holdings Ltd 5146,Shell Company
Panama Holdings Ltd 4245,Shell Company
Bahamas Investments Group 8566,Shell Company
Cayman Trust Fund 2143,Shell Company
Hong Kong Ventures Ltd 3134,Shell Company
Bahamas Investments Group 462,Shell Company
Singapore Wealth Management 7600,Shell Company
Delaware Consulting LLC 7505,Shell Company
Caribbean Finance Inc. 2285,Shell Company
Delaware Consulting LLC 428,Shell Company
Singapore Wealth Management 163,Shell Company
Singapore Wealth Management 8512,Shell Company
Delaware Consulting LLC 2904,Shell Company
Cayman Trust Fund 5900,Shell Company
Panama Holdings Ltd 8700,Shell Company
Singapore Wealth Management 6698,Shell Company
Mauritius Asset Management 92,Shell Company
Delaware Consulting LLC 370,Shell Company
Delaware Consulting LLC 1500,Shell Company
Bahamas Investments Group 4248,Shell Company
Cayman Trust Fund 649,Shell Company
Mauritius Asset Management 421,Shell Company
Caribbean Finance Inc. 1794,Shell Company
Mauritius Asset Management 6883,Shell Company
Mauritius Asset Management 1332,Shell Company
Delaware Consulting LLC 9654,Shell Company
Caribbean Finance Inc. 4282,Shell Company
Cayman Trust Fund 9495,Shell Company
Bahamas Investments Group 1164,Shell Company
Caribbean Finance Inc. 9280,Shell Company
British Virgin Islands Partners 788,Shell Company
Hong Kong Ventures Ltd 4901,Shell Company
Swiss Offshore Capital 923,Shell Company
Bahamas Investments Group 3377,Shell Company
Mauritius Asset Management 8279,Shell Company
Mauritius Asset Management 8394,Shell Company
Caribbean Finance Inc. 6288,Shell Company
Hong Kong Ventures Ltd 2826,Shell Company
Bahamas Investments Group 3999,Shell Company
Swiss Offshore Capital 3741,Shell Company
Delaware Consulting LLC 9086,Shell Company
Singapore Wealth Management 7130,Shell Company
Singapore Wealth Management 740,Shell Company
British Virgin Islands Partners 2936,Shell Company
Mauritius Asset Management 8350,Shell Company
Hong Kong Ventures Ltd 1468,Shell Company
Bahamas Investments Group 865,Shell Company
Panama Holdings Ltd 6972,Shell Company
Cayman Trust Fund 4652,Shell Company
Panama Holdings Ltd 4994,Shell Company
Singapore Wealth Management 9348,Shell Company
Panama Holdings Ltd 9507,Shell Company
Mauritius Asset Management 7308,Shell Company
British Virgin Islands Partners 1875,Shell Company
Singapore Wealth Management 7604,Shell Company
Swiss Offshore Capital 6996,Shell Company
Bahamas Investments Group 931,Shell Company
Mauritius Asset Management 7078,Shell Company
Swiss Offshore Capital 6275,Shell Company
Bahamas Investments Group 7449,Shell Company
Cayman Trust Fund 5253,Shell Company
Bahamas Investments Group 2415,Shell Company
Singapore Wealth Management 7277,Shell Company
Mauritius Asset Management 2882,Shell Company
Delaware Consulting LLC 7426,Shell Company
Hong Kong Ventures Ltd 1403,Shell Company
British Virgin Islands Partners 9658,Shell Company
British Virgin Islands Partners 1717,Shell Company
Swiss Offshore Capital 4204,Shell Company
Hong Kong Ventures Ltd 7846,Shell Company
Bahamas Investments Group 475,Shell Company
Singapore Wealth Management 6678,Shell Company
Singapore Wealth Management 5476,Shell Company
Panama Holdings Ltd 1400,Shell Company
Bahamas Investments Group 6718,Shell Company
Swiss Offshore Capital 8774,Shell Company
Bahamas Investments Group 3055,Shell Company
Singapore Wealth Management 7635,Shell Company
Delaware Consulting LLC 5531,Shell Company
Caribbean Finance Inc. 4478,Shell Company
Bahamas Investments Group 3972,Shell Company
British Virgin Islands Partners 2092,Shell Company
Bahamas Investments Group 7924,Shell Company
Bahamas Investments Group 9081,Shell Company
Singapore Wealth Management 6747,Shell Company
Hong Kong Ventures Ltd 2989,Shell Company
Delaware Consulting LLC 9152,Shell Company
Hong Kong Ventures Ltd 9498,Shell Company
Panama Holdings Ltd 7563,Shell Company
Swiss Offshore Capital 4758,Shell Company
Cayman Trust Fund 7326,Shell Company
Swiss Offshore Capital 7428,Shell Company
Swiss Offshore Capital 6200,Shell Company
Panama Holdings Ltd 7006,Shell Company
Singapore Wealth Management 2083,Shell Company
Panama Holdings Ltd 5734,Shell Company
Swiss Offshore Capital 4881,Shell Company
Cayman Trust Fund 7531,Shell Company
Panama Holdings Ltd 8628,Shell Company
Cayman Trust Fund 5496,Shell Company
Cayman Trust Fund 694,Shell Company
Panama Holdings Ltd 8798,Shell Company
Mauritius Asset Management 408,Shell Company
Panama Holdings Ltd 5234,Shell Company
Panama Holdings Ltd 4270,Shell Company
Caribbean Finance Inc. 7646,Shell Company
Panama Holdings Ltd 1791,Shell Company
Hong Kong Ventures Ltd 6868,Shell Company
British Virgin Islands Partners 8698,Shell Company
Panama Holdings Ltd 662,Shell Company
Cayman Trust Fund 3783,Shell Company
Caribbean Finance Inc. 5040,Shell Company
Bahamas Investments Group 7101,Shell Company
Hong Kong Ventures Ltd 5634,Shell Company
Panama Holdings Ltd 1572,Shell Company
Singapore Wealth Management 8754,Shell Company
Caribbean Finance Inc. 8231,Shell Company
Hong Kong Ventures Ltd 1774,Shell Company
Cayman Trust Fund 4285,Shell Company
Panama Holdings Ltd 4225,Shell Company
Bahamas Investments Group 4577,Shell Company
British Virgin Islands Partners 4647,Shell Company
Caribbean Finance Inc. 6361,Shell Company
Singapore Wealth Management 5226,Shell Company
Mauritius Asset Management 6871,Shell Company
Caribbean Finance Inc. 1176,Shell Company
Hong Kong Ventures Ltd 54,Shell Company
Singapore Wealth Management 8758,Shell Company
Caribbean Finance Inc. 6515,Shell Company
Panama Holdings Ltd 9263,Shell Company
British Virgin Islands Partners 6421,Shell Company
Mauritius Asset Management 8228,Shell Company
Delaware Consulting LLC 2450,Shell Company
Singapore Wealth Management 3273,Shell Company
Panama Holdings Ltd 652,Shell Company
Cayman Trust Fund 4192,Shell Company
Mauritius Asset Management 6986,Shell Company
Singapore Wealth Management 5957,Shell Company
Swiss Offshore Capital 6045,Shell Company
Mauritius Asset Management 6754,Shell Company
Bahamas Investments Group 3671,Shell Company
Bahamas Investments Group 4892,Shell Company
British Virgin Islands Partners 1889,Shell Company
Panama Holdings Ltd 1420,Shell Company
Caribbean Finance Inc. 2074,Shell Company
Cayman Trust Fund 6186,Shell Company
Mauritius Asset Management 9195,Shell Company
Cayman Trust Fund 3235,Shell Company
Mauritius Asset Management 7127,Shell Company
Caribbean Finance Inc. 9643,Shell Company
Panama Holdings Ltd 4669,Shell Company
Bahamas Investments Group 6013,Shell Company
Cayman Trust Fund 956,Shell Company
Cayman Trust Fund 4729,Shell Company
Mauritius Asset Management 4141,Shell Company
Delaware Consulting LLC 198,Shell Company
Singapore Wealth Management 628,Shell Company
Delaware Consulting LLC 1813,Shell Company
Panama Holdings Ltd 997,Shell Company
Hong Kong Ventures Ltd 9456,Shell Company
Bahamas Investments Group 6933,Shell Company
Bahamas Investments Group 8802,Shell Company
Singapore Wealth Management 8415,Shell Company
Hong Kong Ventures Ltd 5737,Shell Company
British Virgin Islands Partners 5353,Shell Company
Swiss Offshore Capital 8750,Shell Company
Hong Kong Ventures Ltd 7426,Shell Company
Cayman Trust Fund 466,Shell Company
Hong Kong Ventures Ltd 752,Shell Company
Panama Holdings Ltd 3461,Shell Company
Swiss Offshore Capital 3201,Shell Company
British Virgin Islands Partners 2353,Shell Company
Caribbean Finance Inc. 8519,Shell Company
British Virgin Islands Partners 9837,Shell Company
Mauritius Asset Management 2492,Shell Company
Hong Kong Ventures Ltd 1842,Shell Company
Hong Kong Ventures Ltd 2219,Shell Company
Cayman Trust Fund 3513,Shell Company
Mauritius Asset Management 422,Shell Company
Singapore Wealth Management 3692,Shell Company
Mauritius Asset Management 5528,Shell Company
Swiss Offshore Capital 5602,Shell Company
Singapore Wealth Management 8728,Shell Company
Mauritius Asset Management 5025,Shell Company
Swiss Offshore Capital 7737,Shell Company
Bahamas Investments Group 3890,Shell Company
Delaware Consulting LLC 4229,Shell Company
Bahamas Investments Group 4364,Shell Company
Cayman Trust Fund 8665,Shell Company
Hong Kong Ventures Ltd 766,Shell Company
Cayman Trust Fund 1349,Shell Company
Mauritius Asset Management 3303,Shell Company
Panama Holdings Ltd 456,Shell Company
British Virgin Islands Partners 6309,Shell Company
Panama Holdings Ltd 9788,Shell Company
Bahamas Investments Group 3015,Shell Company
Hong Kong Ventures Ltd 967,Shell Company
Mauritius Asset Management 9959,Shell Company
Delaware Consulting LLC 1546,Shell Company
Caribbean Finance Inc. 9556,Shell Company
Singapore Wealth Management 2925,Shell Company
Hong Kong Ventures Ltd 2415,Shell Company
Delaware Consulting LLC 5997,Shell Company
Caribbean Finance Inc. 1489,Shell Company
Cayman Trust Fund 9796,Shell Company
Panama Holdings Ltd 7297,Shell Company
Caribbean Finance Inc. 4262,Shell Company
Hong Kong Ventures Ltd 1791,Shell Company
Mauritius Asset Management 7436,Shell Company
Caribbean Finance Inc. 3420,Shell Company
British Virgin Islands Partners 4319,Shell Company
British Virgin Islands Partners 6880,Shell Company
Hong Kong Ventures Ltd 7876,Shell Company
Caribbean Finance Inc. 8507,Shell Company
Swiss Offshore Capital 1785,Shell Company
Panama Holdings Ltd 4118,Shell Company
Cayman Trust Fund 92,Shell Company
Mauritius Asset Management 8401,Shell Company
Mauritius Asset Management 2301,Shell Company
British Virgin Islands Partners 1060,Shell Company
Panama Holdings Ltd 8519,Shell Company
Cayman Trust Fund 8842,Shell Company
Panama Holdings Ltd 8507,Shell Company
Caribbean Finance Inc. 2296,Shell Company
Bahamas Investments Group 5523,Shell Company
Bahamas Investments Group 8130,Shell Company
Caribbean Finance Inc. 869,Shell Company
Cayman Trust Fund 2335,Shell Company
Mauritius Asset Management 3536,Shell Company
Swiss Offshore Capital 7495,Shell Company
Caribbean Finance Inc. 5376,Shell Company
Bahamas Investments Group 5745,Shell Company
British Virgin Islands Partners 2242,Shell Company
Mauritius Asset Management 8917,Shell Company
Bahamas Investments Group 7257,Shell Company
Swiss Offshore Capital 4026,Shell Company
Bahamas Investments Group 7225,Shell Company
Singapore Wealth Management 5927,Shell Company
Bahamas Investments Group 9919,Shell Company
Swiss Offshore Capital 793,Shell Company
Bahamas Investments Group 5877,Shell Company
British Virgin Islands Partners 4869,Shell Company
Mauritius Asset Management 2710,Shell Company
Panama Holdings Ltd 5783,Shell Company
Panama Holdings Ltd 4588,Shell Company
British Virgin Islands Partners 3630,Shell Company
Hong Kong Ventures Ltd 8596,Shell Company
Delaware Consulting LLC 6891,Shell Company
Hong Kong Ventures Ltd 1129,Shell Company
Panama Holdings Ltd 1435,Shell Company
Cayman Trust Fund 909,Shell Company
British Virgin Islands Partners 9114,Shell Company
Panama Holdings Ltd 8542,Shell Company
Bahamas Investments Group 111,Shell Company
Caribbean Finance Inc. 1643,Shell Company
Swiss Offshore Capital 8166,Shell Company
Singapore Wealth Management 6776,Shell Company
British Virgin Islands Partners 6791,Shell Company
Panama Holdings Ltd 8720,Shell Company
Delaware Consulting LLC 856,Shell Company
Bahamas Investments Group 1426,Shell Company
Swiss Offshore Capital 9498,Shell Company
Swiss Offshore Capital 427,Shell Company
Swiss Offshore Capital 2488,Shell Company
Singapore Wealth Management 8907,Shell Company
Caribbean Finance Inc. 2975,Shell Company
Panama Holdings Ltd 5171,Shell Company
Swiss Offshore Capital 6580,Shell Company
British Virgin Islands Partners 3881,Shell Company
Hong Kong Ventures Ltd 8178,Shell Company
Mauritius Asset Management 3967,Shell Company
British Virgin Islands Partners 3150,Shell Company
Hong Kong Ventures Ltd 4640,Shell Company
Cayman Trust Fund 7130,Shell Company
Singapore Wealth Management 9732,Shell Company
Bahamas Investments Group 6911,Shell Company
Mauritius Asset Management 5433,Shell Company
Mauritius Asset Management 705,Shell Company
Mauritius Asset Management 2789,Shell Company
Bahamas Investments Group 4589,Shell Company
British Virgin Islands Partners 6440,Shell Company
Caribbean Finance Inc. 4935,Shell Company
Bahamas Investments Group 8153,Shell Company
Caribbean Finance Inc. 7290,Shell Company
Hong Kong Ventures Ltd 9201,Shell Company
Hong Kong Ventures Ltd 6267,Shell Company
Delaware Consulting LLC 8203,Shell Company
Hong Kong Ventures Ltd 8400,Shell Company
Singapore Wealth Management 7860,Shell Company
Panama Holdings Ltd 7537,Shell Company
Hong Kong Ventures Ltd 1484,Shell Company
Singapore Wealth Management 2086,Shell Company
Mauritius Asset Management 875,Shell Company
Delaware Consulting LLC 2042,Shell Company
Swiss Offshore Capital 7091,Shell Company
Caribbean Finance Inc. 1253,Shell Company
Swiss Offshore Capital 3693,Shell Company
Delaware Consulting LLC 1588,Shell Company
Singapore Wealth Management 6263,Shell Company
Bahamas Investments Group 5277,Shell Company
Mauritius Asset Management 8808,Shell Company
Hong Kong Ventures Ltd 5367,Shell Company
Caribbean Finance Inc. 6458,Shell Company
Delaware Consulting LLC 9034,Shell Company
Singapore Wealth Management 2833,Shell Company
Caribbean Finance Inc. 2598,Shell Company
Caribbean Finance Inc. 7713,Shell Company
Hong Kong Ventures Ltd 9791,Shell Company
Singapore Wealth Management 9750,Shell Company
Mauritius Asset Management 8060,Shell Company
Delaware Consulting LLC 3786,Shell Company
Hong Kong Ventures Ltd 1929,Shell Company
Panama Holdings Ltd 4149,Shell Company
Cayman Trust Fund 1182,Shell Company
Caribbean Finance Inc. 3149,Shell Company
British Virgin Islands Partners 5390,Shell Company
Panama Holdings Ltd 5045,Shell Company
Caribbean Finance Inc. 8612,Shell Company
Mauritius Asset Management 1349,Shell Company
Hong Kong Ventures Ltd 9655,Shell Company
Cayman Trust Fund 1409,Shell Company
Mauritius Asset Management 232,Shell Company
Swiss Offshore Capital 8108,Shell Company
Delaware Consulting LLC 6222,Shell Company
Singapore Wealth Management 3265,Shell Company
Cayman Trust Fund 7556,Shell Company
Mauritius Asset Management 724,Shell Company
Hong Kong Ventures Ltd 1711,Shell Company
Hong Kong Ventures Ltd 3649,Shell Company
Panama Holdings Ltd 126,Shell Company
Swiss Offshore Capital 4250,Shell Company
Panama Holdings Ltd 9591,Shell Company
Caribbean Finance Inc. 9254,Shell Company
Hong Kong Ventures Ltd 6023,Shell Company
Caribbean Finance Inc. 9839,Shell Company
Swiss Offshore Capital 160,Shell Company
Cayman Trust Fund 9484,Shell Company
Mauritius Asset Management 853,Shell Company
British Virgin Islands Partners 9827,Shell Company
Cayman Trust Fund 9721,Shell Company
Hong Kong Ventures Ltd 1251,Shell Company
Singapore Wealth Management 985,Shell Company
Hong Kong Ventures Ltd 7382,Shell Company
Mauritius Asset Management 1841,Shell Company
Bahamas Investments Group 1125,Shell Company
Panama Holdings Ltd 822,Shell Company
British Virgin Islands Partners 7303,Shell Company
Delaware Consulting LLC 2909,Shell Company
Delaware Consulting LLC 9230,Shell Company
Mauritius Asset Management 2724,Shell Company
Delaware Consulting LLC 7527,Shell Company
Caribbean Finance Inc. 4987,Shell Company
Singapore Wealth Management 4127,Shell Company
British Virgin Islands Partners 1718,Shell Company
Singapore Wealth Management 1702,Shell Company
British Virgin Islands Partners 6000,Shell Company
Singapore Wealth Management 2193,Shell Company
Cayman Trust Fund 273,Shell Company
Panama Holdings Ltd 4793,Shell Company
Hong Kong Ventures Ltd 7425,Shell Company
British Virgin Islands Partners 2672,Shell Company
Caribbean Finance Inc. 9444,Shell Company
British Virgin Islands Partners 2550,Shell Company
Hong Kong Ventures Ltd 5313,Shell Company
Caribbean Finance Inc. 3722,Shell Company
Panama Holdings Ltd 1901,Shell Company
Mauritius Asset Management 3969,Shell Company
Hong Kong Ventures Ltd 9074,Shell Company
British Virgin Islands Partners 8198,Shell Company
Mauritius Asset Management 3184,Shell Company
Hong Kong Ventures Ltd 341,Shell Company
Singapore Wealth Management 5763,Shell Company
Caribbean Finance Inc. 6155,Shell Company
Singapore Wealth Management 8854,Shell Company
Mauritius Asset Management 5658,Shell Company
Caribbean Finance Inc. 6521,Shell Company
Caribbean Finance Inc. 8936,Shell Company
Mauritius Asset Management 4900,Shell Company
Swiss Offshore Capital 1433,Shell Company
Delaware Consulting LLC 2734,Shell Company
Singapore Wealth Management 9406,Shell Company
Singapore Wealth Management 6596,Shell Company
Bahamas Investments Group 5811,Shell Company
Mauritius Asset Management 4685,Shell Company
Panama Holdings Ltd 1433,Shell Company
Delaware Consulting LLC 4177,Shell Company
British Virgin Islands Partners 7561,Shell Company
British Virgin Islands Partners 9740,Shell Company
British Virgin Islands Partners 1277,Shell Company
Swiss Offshore Capital 3815,Shell Company
Swiss Offshore Capital 3208,Shell Company
Hong Kong Ventures Ltd 4290,Shell Company
Delaware Consulting LLC 3352,Shell Company
Swiss Offshore Capital 5523,Shell Company
Panama Holdings Ltd 2187,Shell Company
Caribbean Finance Inc. 5875,Shell Company
British Virgin Islands Partners 6824,Shell Company
Mauritius Asset Management 912,Shell Company
Hong Kong Ventures Ltd 8853,Shell Company
Hong Kong Ventures Ltd 8202,Shell Company
Mauritius Asset Management 462,Shell Company
Panama Holdings Ltd 2663,Shell Company
Mauritius Asset Management 6847,Shell Company
Bahamas Investments Group 2776,Shell Company
Hong Kong Ventures Ltd 8850,Shell Company
Panama Holdings Ltd 3813,Shell Company
Mauritius Asset Management 8987,Shell Company
Panama Holdings Ltd 2618,Shell Company
Caribbean Finance Inc. 9054,Shell Company
Singapore Wealth Management 381,Shell Company
Hong Kong Ventures Ltd 4715,Shell Company
Hong Kong Ventures Ltd 9980,Shell Company
Hong Kong Ventures Ltd 8550,Shell Company
Swiss Offshore Capital 1510,Shell Company
Bahamas Investments Group 543,Shell Company
Panama Holdings Ltd 6591,Shell Company
British Virgin Islands Partners 2633,Shell Company
Swiss Offshore Capital 5569,Shell Company
British Virgin Islands Partners 6199,Shell Company
Delaware Consulting LLC 7358,Shell Company
British Virgin Islands Partners 7460,Shell Company
Mauritius Asset Management 7896,Shell Company
Singapore Wealth Management 3079,Shell Company
Panama Holdings Ltd 4857,Shell Company
Bahamas Investments Group 9016,Shell Company
Delaware Consulting LLC 8928,Shell Company
Hong Kong Ventures Ltd 7111,Shell Company
Panama Holdings Ltd 8971,Shell Company
Hong Kong Ventures Ltd 3218,Shell Company
Caribbean Finance Inc. 2169,Shell Company
Delaware Consulting LLC 712,Shell Company
Bahamas Investments Group 5268,Shell Company
Delaware Consulting LLC 9086,Shell Company
Cayman Trust Fund 4605,Shell Company
Panama Holdings Ltd 9682,Shell Company
Cayman Trust Fund 8273,Shell Company
Hong Kong Ventures Ltd 7470,Shell Company
British Virgin Islands Partners 9100,Shell Company
Panama Holdings Ltd 1608,Shell Company
Mauritius Asset Management 3040,Shell Company
Panama Holdings Ltd 4951,Shell Company
Caribbean Finance Inc. 9697,Shell Company
Bahamas Investments Group 1667,Shell Company
Hong Kong Ventures Ltd 9016,Shell Company
British Virgin Islands Partners 7417,Shell Company
Cayman Trust Fund 638,Shell Company
British Virgin Islands Partners 8978,Shell Company
Caribbean Finance Inc. 322,Shell Company
Swiss Offshore Capital 4199,Shell Company
Caribbean Finance Inc. 6080,Shell Company
Cayman Trust Fund 9498,Shell Company
British Virgin Islands Partners 1022,Shell Company
Hong Kong Ventures Ltd 4744,Shell Company
British Virgin Islands Partners 7620,Shell Company
Hong Kong Ventures Ltd 9254,Shell Company
Mauritius Asset Management 8209,Shell Company
Delaware Consulting LLC 7632,Shell Company
Singapore Wealth Management 5772,Shell Company
Caribbean Finance Inc. 6958,Shell Company
Cayman Trust Fund 70,Shell Company
Bahamas Investments Group 2843,Shell Company
Caribbean Finance Inc. 5530,Shell Company
Bahamas Investments Group 3430,Shell Company
Singapore Wealth Management 5453,Shell Company
Caribbean Finance Inc. 8538,Shell Company
Singapore Wealth Management 8973,Shell Company
Bahamas Investments Group 9449,Shell Company
Bahamas Investments Group 6590,Shell Company
British Virgin Islands Partners 2535,Shell Company
Caribbean Finance Inc. 4237,Shell Company
British Virgin Islands Partners 8239,Shell Company
Bahamas Investments Group 8138,Shell Company
Singapore Wealth Management 8242,Shell Company
Swiss Offshore Capital 8820,Shell Company
British Virgin Islands Partners 9158,Shell Company
Panama Holdings Ltd 8175,Shell Company
Swiss Offshore Capital 448,Shell Company
Cayman Trust Fund 7553,Shell Company
Cayman Trust Fund 964,Shell Company
British Virgin Islands Partners 6507,Shell Company
Cayman Trust Fund 7388,Shell Company
Mauritius Asset Management 5258,Shell Company
British Virgin Islands Partners 7930,Shell Company
Swiss Offshore Capital 2871,Shell Company
Bahamas Investments Group 8138,Shell Company
Bahamas Investments Group 5730,Shell Company
Swiss Offshore Capital 351,Shell Company
Delaware Consulting LLC 4706,Shell Company
Mauritius Asset Management 4106,Shell Company
Reserve Bank of India 891,Government Organization
United Nations 3639,Government Organization
European Central Bank 3650,Government Organization
IMF 8306,Government Organization
Federal Reserve 2642,Government Organization
Federal Reserve 6948,Government Organization
Asian Development Bank 5490,Government Organization
Ministry of Finance Japan 1876,Government Organization
IMF 5346,Government Organization
Asian Development Bank 3828,Government Organization
Reserve Bank of India 2045,Government Organization
World Bank 9392,Government Organization
Asian Development Bank 2213,Government Organization
IMF 8940,Government Organization
Federal Reserve 8760,Government Organization
Reserve Bank of India 5835,Government Organization
European Central Bank 1589,Government Organization
Asian Development Bank 9804,Government Organization
Bank of England 8714,Government Organization
World Bank 5178,Government Organization
Federal Reserve 4520,Government Organization
Reserve Bank of India 3008,Government Organization
Asian Development Bank 7692,Government Organization
Asian Development Bank 416,Government Organization
European Central Bank 8728,Government Organization
Asian Development Bank 5511,Government Organization
United Nations 6884,Government Organization
Bank of England 1267,Government Organization
IMF 9317,Government Organization
Ministry of Finance Japan 3251,Government Organization
United Nations 6190,Government Organization
Federal Reserve 2315,Government Organization
IMF 4086,Government Organization
Reserve Bank of India 239,Government Organization
United Nations 9956,Government Organization
World Bank 2502,Government Organization
US Treasury Department 1390,Government Organization
Ministry of Finance Japan 4162,Government Organization
Ministry of Finance Japan 8493,Government Organization
Ministry of Finance Japan 1848,Government Organization
US Treasury Department 5024,Government Organization
Bank of England 3477,Government Organization
IMF 9237,Government Organization
Reserve Bank of India 2230,Government Organization
World Bank 36,Government Organization
Reserve Bank of India 1280,Government Organization
Reserve Bank of India 8697,Government Organization
Reserve Bank of India 921,Government Organization
World Bank 1662,Government Organization
Federal Reserve 4866,Government Organization
IMF 9716,Government Organization
US Treasury Department 4116,Government Organization
World Bank 863,Government Organization
Federal Reserve 6767,Government Organization
IMF 5442,Government Organization
IMF 2698,Government Organization
Federal Reserve 676,Government Organization
United Nations 4402,Government Organization
Reserve Bank of India 2628,Government Organization
United Nations 3859,Government Organization
Bank of England 2413,Government Organization
IMF 1717,Government Organization
US Treasury Department 9836,Government Organization
United Nations 4785,Government Organization
World Bank 3104,Government Organization
European Central Bank 6336,Government Organization
European Central Bank 5264,Government Organization
Reserve Bank of India 1349,Government Organization
Reserve Bank of India 3400,Government Organization
United Nations 8980,Government Organization
Federal Reserve 9988,Government Organization
Federal Reserve 3799,Government Organization
United Nations 9717,Government Organization
Bank of England 8155,Government Organization
United Nations 4499,Government Organization
European Central Bank 8057,Government Organization
Asian Development Bank 1691,Government Organization
IMF 6462,Government Organization
Asian Development Bank 6597,Government Organization
United Nations 901,Government Organization
IMF 1558,Government Organization
Bank of England 2202,Government Organization
European Central Bank 4023,Government Organization
US Treasury Department 2540,Government Organization
US Treasury Department 1399,Government Organization
Asian Development Bank 8500,Government Organization
Ministry of Finance Japan 9693,Government Organization
US Treasury Department 9306,Government Organization
IMF 8326,Government Organization
United Nations 6229,Government Organization
Bank of England 8888,Government Organization
Ministry of Finance Japan 6015,Government Organization
World Bank 2597,Government Organization
IMF 7488,Government Organization
Bank of England 5061,Government Organization
United Nations 3509,Government Organization
Federal Reserve 4787,Government Organization
United Nations 9731,Government Organization
IMF 6667,Government Organization
Asian Development Bank 6629,Government Organization
IMF 5773,Government Organization
Reserve Bank of India 4617,Government Organization
Ministry of Finance Japan 8759,Government Organization
Reserve Bank of India 5245,Government Organization
Ministry of Finance Japan 7380,Government Organization
IMF 1855,Government Organization
Bank of England 8040,Government Organization
European Central Bank 7683,Government Organization
IMF 6684,Government Organization
United Nations 129,Government Organization
World Bank 4434,Government Organization
World Bank 950,Government Organization
European Central Bank 9348,Government Organization
United Nations 9265,Government Organization
IMF 8096,Government Organization
Asian Development Bank 4453,Government Organization
IMF 2937,Government Organization
Asian Development Bank 4555,Government Organization
Reserve Bank of India 435,Government Organization
Bank of England 8884,Government Organization
Bank of England 1530,Government Organization
Asian Development Bank 2873,Government Organization
Federal Reserve 4156,Government Organization
IMF 5817,Government Organization
Bank of England 6673,Government Organization
World Bank 9156,Government Organization
Asian Development Bank 2354,Government Organization
IMF 6654,Government Organization
IMF 6932,Government Organization
IMF 1392,Government Organization
Federal Reserve 3297,Government Organization
United Nations 3339,Government Organization
Federal Reserve 7805,Government Organization
Federal Reserve 5173,Government Organization
US Treasury Department 9310,Government Organization
Asian Development Bank 3097,Government Organization
World Bank 7841,Government Organization
Federal Reserve 8305,Government Organization
Asian Development Bank 6059,Government Organization
World Bank 5298,Government Organization
Asian Development Bank 5292,Government Organization
World Bank 8587,Government Organization
United Nations 1776,Government Organization
US Treasury Department 5705,Government Organization
United Nations 5841,Government Organization
US Treasury Department 7552,Government Organization
European Central Bank 3176,Government Organization
US Treasury Department 7357,Government Organization
Reserve Bank of India 2792,Government Organization
World Bank 3184,Government Organization
IMF 9855,Government Organization
IMF 955,Government Organization
Ministry of Finance Japan 1611,Government Organization
World Bank 2610,Government Organization
United Nations 1105,Government Organization
Ministry of Finance Japan 4071,Government Organization
US Treasury Department 6443,Government Organization
World Bank 5212,Government Organization
US Treasury Department 373,Government Organization
Asian Development Bank 2643,Government Organization
Asian Development Bank 3457,Government Organization
Asian Development Bank 4353,Government Organization
IMF 6675,Government Organization
World Bank 7954,Government Organization
Asian Development Bank 1532,Government Organization
European Central Bank 4721,Government Organization
United Nations 1954,Government Organization
World Bank 7675,Government Organization
World Bank 1584,Government Organization
IMF 1741,Government Organization
Federal Reserve 6568,Government Organization
Reserve Bank of India 2106,Government Organization
World Bank 6312,Government Organization
World Bank 2394,Government Organization
IMF 4915,Government Organization
Bank of England 1393,Government Organization
IMF 608,Government Organization
Bank of England 4908,Government Organization
Reserve Bank of India 7698,Government Organization
European Central Bank 8317,Government Organization
US Treasury Department 5302,Government Organization
Federal Reserve 5432,Government Organization
US Treasury Department 491,Government Organization
Asian Development Bank 1506,Government Organization
United Nations 3029,Government Organization
US Treasury Department 6949,Government Organization
Bank of England 8187,Government Organization
IMF 8339,Government Organization
IMF 8312,Government Organization
IMF 3707,Government Organization
Bank of England 9955,Government Organization
IMF 9036,Government Organization
Federal Reserve 3288,Government Organization
Ministry of Finance Japan 2003,Government Organization
Bank of England 1102,Government Organization
Federal Reserve 7232,Government Organization
Reserve Bank of India 9261,Government Organization
Reserve Bank of India 3811,Government Organization
Reserve Bank of India 6724,Government Organization
IMF 6406,Government Organization
Ministry of Finance Japan 7591,Government Organization
World Bank 6648,Government Organization
United Nations 4376,Government Organization
IMF 6741,Government Organization
Bank of England 6722,Government Organization
IMF 3625,Government Organization
United Nations 9375,Government Organization
IMF 7840,Government Organization
Federal Reserve 5398,Government Organization
Reserve Bank of India 9887,Government Organization
Asian Development Bank 1513,Government Organization
European Central Bank 3567,Government Organization
Asian Development Bank 937,Government Organization
Federal Reserve 5516,Government Organization
Federal Reserve 4794,Government Organization
Bank of England 4763,Government Organization
Reserve Bank of India 2129,Government Organization
World Bank 3581,Government Organization
Asian Development Bank 994,Government Organization
Ministry of Finance Japan 9659,Government Organization
US Treasury Department 1721,Government Organization
United Nations 5430,Government Organization
Bank of England 1273,Government Organization
Federal Reserve 6056,Government Organization
United Nations 5382,Government Organization
World Bank 5135,Government Organization
World Bank 6145,Government Organization
Bank of England 802,Government Organization
IMF 4181,Government Organization
World Bank 3447,Government Organization
Reserve Bank of India 4477,Government Organization
Bank of England 3594,Government Organization
Ministry of Finance Japan 2352,Government Organization
US Treasury Department 3312,Government Organization
IMF 7494,Government Organization
Bank of England 4804,Government Organization
IMF 5615,Government Organization
IMF 7351,Government Organization
Bank of England 4423,Government Organization
IMF 1985,Government Organization
Asian Development Bank 3699,Government Organization
US Treasury Department 492,Government Organization
Ministry of Finance Japan 1477,Government Organization
European Central Bank 3241,Government Organization
Federal Reserve 7232,Government Organization
Ministry of Finance Japan 4152,Government Organization
Reserve Bank of India 9066,Government Organization
European Central Bank 2841,Government Organization
Federal Reserve 7352,Government Organization
Bank of England 5917,Government Organization
United Nations 312,Government Organization
Ministry of Finance Japan 9441,Government Organization
US Treasury Department 6046,Government Organization
European Central Bank 6048,Government Organization
European Central Bank 1519,Government Organization
United Nations 862,Government Organization
Reserve Bank of India 598,Government Organization
United Nations 3103,Government Organization
US Treasury Department 8659,Government Organization
US Treasury Department 1141,Government Organization
Reserve Bank of India 6083,Government Organization
US Treasury Department 8554,Government Organization
European Central Bank 6363,Government Organization
Reserve Bank of India 6152,Government Organization
Ministry of Finance Japan 4682,Government Organization
US Treasury Department 9794,Government Organization
Federal Reserve 6872,Government Organization
European Central Bank 5185,Government Organization
European Central Bank 4704,Government Organization
US Treasury Department 9636,Government Organization
IMF 5695,Government Organization
Asian Development Bank 7434,Government Organization
Asian Development Bank 8057,Government Organization
Ministry of Finance Japan 9491,Government Organization
United Nations 7343,Government Organization
Reserve Bank of India 3400,Government Organization
US Treasury Department 3709,Government Organization
Reserve Bank of India 6950,Government Organization
Bank of England 3793,Government Organization
Asian Development Bank 432,Government Organization
Reserve Bank of India 3070,Government Organization
US Treasury Department 3522,Government Organization
Federal Reserve 4947,Government Organization
US Treasury Department 4828,Government Organization
Ministry of Finance Japan 7994,Government Organization
Reserve Bank of India 6856,Government Organization
US Treasury Department 5086,Government Organization
Asian Development Bank 817,Government Organization
European Central Bank 2136,Government Organization
Reserve Bank of India 5147,Government Organization
Ministry of Finance Japan 8071,Government Organization
Reserve Bank of India 598,Government Organization
United Nations 2907,Government Organization
European Central Bank 4111,Government Organization
United Nations 3356,Government Organization
IMF 4698,Government Organization
Federal Reserve 8117,Government Organization
Bank of England 1859,Government Organization
European Central Bank 930,Government Organization
Ministry of Finance Japan 7048,Government Organization
Federal Reserve 3961,Government Organization
Federal Reserve 6790,Government Organization
Ministry of Finance Japan 6799,Government Organization
Bank of England 1432,Government Organization
US Treasury Department 17,Government Organization
Reserve Bank of India 4868,Government Organization
United Nations 7359,Government Organization
United Nations 3333,Government Organization
Bank of England 1363,Government Organization
IMF 3353,Government Organization
Asian Development Bank 3846,Government Organization
Ministry of Finance Japan 9940,Government Organization
World Bank 5958,Government Organization
World Bank 2370,Government Organization
United Nations 2117,Government Organization
European Central Bank 8231,Government Organization
US Treasury Department 6390,Government Organization
Bank of England 8068,Government Organization
Bank of England 4874,Government Organization
United Nations 9828,Government Organization
European Central Bank 2829,Government Organization
Reserve Bank of India 4381,Government Organization
Ministry of Finance Japan 7042,Government Organization
World Bank 3548,Government Organization
United Nations 6697,Government Organization
World Bank 2948,Government Organization
United Nations 7900,Government Organization
Ministry of Finance Japan 7289,Government Organization
Reserve Bank of India 2891,Government Organization
Bank of England 4909,Government Organization
Asian Development Bank 4467,Government Organization
Ministry of Finance Japan 6932,Government Organization
Reserve Bank of India 2444,Government Organization
United Nations 1607,Government Organization
Bank of England 4753,Government Organization
Bank of England 7331,Government Organization
IMF 6787,Government Organization
Bank of England 8758,Government Organization
European Central Bank 5350,Government Organization
Ministry of Finance Japan 1622,Government Organization
Bank of England 2869,Government Organization
World Bank 6646,Government Organization
US Treasury Department 2961,Government Organization
IMF 9518,Government Organization
European Central Bank 7329,Government Organization
World Bank 2024,Government Organization
IMF 3964,Government Organization
Ministry of Finance Japan 2934,Government Organization
Ministry of Finance Japan 1851,Government Organization
European Central Bank 5406,Government Organization
Reserve Bank of India 1541,Government Organization
Asian Development Bank 1485,Government Organization
European Central Bank 6020,Government Organization
Bank of England 1686,Government Organization
Federal Reserve 1524,Government Organization
IMF 3554,Government Organization
European Central Bank 7062,Government Organization
Asian Development Bank 278,Government Organization
World Bank 4924,Government Organization
Asian Development Bank 9746,Government Organization
Reserve Bank of India 6059,Government Organization
European Central Bank 5847,Government Organization
Federal Reserve 6161,Government Organization
IMF 168,Government Organization
Asian Development Bank 6946,Government Organization
World Bank 6219,Government Organization
European Central Bank 4681,Government Organization
Ministry of Finance Japan 4768,Government Organization
European Central Bank 7640,Government Organization
Asian Development Bank 6302,Government Organization
IMF 2639,Government Organization
United Nations 5624,Government Organization
World Bank 4104,Government Organization
Ministry of Finance Japan 3201,Government Organization
Federal Reserve 7155,Government Organization
European Central Bank 9385,Government Organization
IMF 6764,Government Organization
Federal Reserve 2717,Government Organization
IMF 1484,Government Organization
IMF 6509,Government Organization
European Central Bank 320,Government Organization
Federal Reserve 1552,Government Organization
United Nations 5325,Government Organization
Asian Development Bank 2518,Government Organization
Bank of England 3494,Government Organization
IMF 1762,Government Organization
IMF 9015,Government Organization
Federal Reserve 7182,Government Organization
European Central Bank 9017,Government Organization
Ministry of Finance Japan 8240,Government Organization
Ministry of Finance Japan 3108,Government Organization
Ministry of Finance Japan 6318,Government Organization
US Treasury Department 9703,Government Organization
Bank of England 9029,Government Organization
United Nations 6123,Government Organization
World Bank 8970,Government Organization
Asian Development Bank 8880,Government Organization
Asian Development Bank 1075,Government Organization
Ministry of Finance Japan 4561,Government Organization
Federal Reserve 7671,Government Organization
Federal Reserve 4871,Government Organization
World Bank 2586,Government Organization
Bank of England 2197,Government Organization
Ministry of Finance Japan 6225,Government Organization
United Nations 6186,Government Organization
Asian Development Bank 3940,Government Organization
United Nations 7438,Government Organization
US Treasury Department 5964,Government Organization
European Central Bank 2257,Government Organization
Asian Development Bank 5757,Government Organization
Bank of England 7519,Government Organization
Federal Reserve 4889,Government Organization
Reserve Bank of India 2389,Government Organization
Bank of England 3087,Government Organization
IMF 1727,Government Organization
Federal Reserve 456,Government Organization
US Treasury Department 2745,Government Organization
United Nations 9853,Government Organization
European Central Bank 577,Government Organization
Reserve Bank of India 2919,Government Organization
European Central Bank 2688,Government Organization
Ministry of Finance Japan 3434,Government Organization
Federal Reserve 2412,Government Organization
Bank of England 4319,Government Organization
Ministry of Finance Japan 3172,Government Organization
Asian Development Bank 6127,Government Organization
Reserve Bank of India 3555,Government Organization
Federal Reserve 9411,Government Organization
US Treasury Department 1372,Government Organization
US Treasury Department 9455,Government Organization
IMF 5518,Government Organization
European Central Bank 9937,Government Organization
US Treasury Department 6123,Government Organization
IMF 9944,Government Organization
United Nations 598,Government Organization
IMF 9103,Government Organization
Bank of England 6695,Government Organization
European Central Bank 3538,Government Organization
Bank of England 1897,Government Organization
US Treasury Department 7182,Government Organization
United Nations 7468,Government Organization
Federal Reserve 6191,Government Organization
United Nations 8681,Government Organization
IMF 6708,Government Organization
US Treasury Department 9497,Government Organization
Bank of England 2472,Government Organization
IMF 696,Government Organization
Ministry of Finance Japan 6794,Government Organization
US Treasury Department 9768,Government Organization
US Treasury Department 6056,Government Organization
European Central Bank 4362,Government Organization
Asian Development Bank 9526,Government Organization
World Bank 1106,Government Organization
Asian Development Bank 9182,Government Organization
Bank of England 6211,Government Organization
Reserve Bank of India 8210,Government Organization
IMF 1795,Government Organization
US Treasury Department 9974,Government Organization
Reserve Bank of India 5433,Government Organization
Bank of England 7525,Government Organization
Bank of England 1554,Government Organization
Ministry of Finance Japan 2470,Government Organization
European Central Bank 3889,Government Organization
Bank of England 6509,Government Organization
Bank of England 6012,Government Organization
World Bank 7235,Government Organization
Reserve Bank of India 9746,Government Organization
Bank of England 3075,Government Organization
Reserve Bank of India 2496,Government Organization
United Nations 1960,Government Organization
United Nations 706,Government Organization
Asian Development Bank 5299,Government Organization
European Central Bank 1635,Government Organization
Asian Development Bank 8037,Government Organization
Bank of England 1981,Government Organization
United Nations 417,Government Organization
US Treasury Department 3687,Government Organization
United Nations 7082,Government Organization
Federal Reserve 6987,Government Organization
Asian Development Bank 2670,Government Organization
Bank of England 6985,Government Organization
Reserve Bank of India 2796,Government Organization
World Bank 9609,Government Organization
World Bank 3778,Government Organization
United Nations 6243,Government Organization
World Bank 7701,Government Organization
Reserve Bank of India 413,Government Organization
Asian Development Bank 1895,Government Organization
Bank of England 8043,Government Organization
World Bank 8720,Government Organization
Bank of England 2250,Government Organization
Bank of England 2682,Government Organization
Ministry of Finance Japan 4332,Government Organization
European Central Bank 9585,Government Organization
Asian Development Bank 4335,Government Organization
United Nations 6227,Government Organization
European Central Bank 9851,Government Organization
Bank of England 621,Government Organization
Federal Reserve 9662,Government Organization
European Central Bank 2313,Government Organization
Red Cross 9215,NGO
Human Rights Watch 7015,NGO
Human Rights Watch 4947,NGO
Human Rights Watch 2788,NGO
Red Cross 578,NGO
Save the Children 3726,NGO
Amnesty International 398,NGO
United Nations Foundation 820,NGO
CARE International 9947,NGO
Red Cross 1852,NGO
Human Rights Watch 4094,NGO
CARE International 417,NGO
Red Cross 8567,NGO
CARE International 5813,NGO
Doctors Without Borders 2417,NGO
Save the Children 7024,NGO
Human Rights Watch 8930,NGO
Doctors Without Borders 4620,NGO
Oxfam International 5151,NGO
Human Rights Watch 8458,NGO
Greenpeace 9556,NGO
Human Rights Watch 4475,NGO
CARE International 7859,NGO
World Wildlife Fund 915,NGO
Greenpeace 1228,NGO
United Nations Foundation 4727,NGO
Doctors Without Borders 1320,NGO
Red Cross 7177,NGO
Human Rights Watch 7154,NGO
World Wildlife Fund 9452,NGO
Greenpeace 2267,NGO
Doctors Without Borders 7373,NGO
United Nations Foundation 2379,NGO
Red Cross 6990,NGO
Red Cross 4254,NGO
World Wildlife Fund 1445,NGO
Human Rights Watch 6201,NGO
Oxfam International 181,NGO
Red Cross 4436,NGO
CARE International 1989,NGO
Oxfam International 4061,NGO
CARE International 3493,NGO
Amnesty International 8240,NGO
Doctors Without Borders 5074,NGO
Oxfam International 9736,NGO
Doctors Without Borders 9097,NGO
Greenpeace 2020,NGO
United Nations Foundation 8271,NGO
CARE International 8933,NGO
CARE International 8781,NGO
Greenpeace 1358,NGO
Amnesty International 7075,NGO
Doctors Without Borders 8346,NGO
CARE International 9909,NGO
Save the Children 923,NGO
CARE International 4994,NGO
Save the Children 6082,NGO
World Wildlife Fund 9983,NGO
Oxfam International 6627,NGO
Red Cross 4533,NGO
Human Rights Watch 8495,NGO
Oxfam International 3799,NGO
CARE International 4360,NGO
Amnesty International 1847,NGO
Amnesty International 1664,NGO
World Wildlife Fund 6114,NGO
Oxfam International 4889,NGO
Save the Children 7475,NGO
Amnesty International 6030,NGO
Amnesty International 4051,NGO
United Nations Foundation 8108,NGO
World Wildlife Fund 2953,NGO
Save the Children 3800,NGO
Greenpeace 5998,NGO
United Nations Foundation 1757,NGO
Doctors Without Borders 8865,NGO
Red Cross 9181,NGO
Oxfam International 6591,NGO
Save the Children 7353,NGO
Save the Children 8449,NGO
CARE International 1012,NGO
Amnesty International 3582,NGO
World Wildlife Fund 3753,NGO
Red Cross 5948,NGO
Human Rights Watch 8178,NGO
Human Rights Watch 1581,NGO
Save the Children 1859,NGO
Red Cross 3415,NGO
Greenpeace 9301,NGO
CARE International 9898,NGO
Human Rights Watch 5658,NGO
Oxfam International 7073,NGO
Oxfam International 4232,NGO
Doctors Without Borders 7147,NGO
Oxfam International 817,NGO
Save the Children 8692,NGO
Doctors Without Borders 1543,NGO
CARE International 6423,NGO
Greenpeace 3862,NGO
Greenpeace 5366,NGO
Red Cross 8990,NGO
Greenpeace 4701,NGO
Doctors Without Borders 9497,NGO
Human Rights Watch 3440,NGO
Human Rights Watch 1581,NGO
Red Cross 9724,NGO
CARE International 3393,NGO
CARE International 98,NGO
Greenpeace 748,NGO
World Wildlife Fund 4256,NGO
Save the Children 9601,NGO
CARE International 2044,NGO
Doctors Without Borders 5846,NGO
Greenpeace 1350,NGO
Oxfam International 3401,NGO
Human Rights Watch 6152,NGO
Oxfam International 9418,NGO
Oxfam International 9341,NGO
United Nations Foundation 1740,NGO
Red Cross 1135,NGO
Doctors Without Borders 5440,NGO
United Nations Foundation 8298,NGO
Oxfam International 7973,NGO
World Wildlife Fund 3940,NGO
Doctors Without Borders 6980,NGO
Human Rights Watch 6229,NGO
United Nations Foundation 5623,NGO
Amnesty International 2238,NGO
World Wildlife Fund 8495,NGO
Amnesty International 5281,NGO
United Nations Foundation 5112,NGO
World Wildlife Fund 7109,NGO
Doctors Without Borders 1641,NGO
CARE International 2091,NGO
Amnesty International 7252,NGO
Red Cross 4779,NGO
Oxfam International 6663,NGO
World Wildlife Fund 6090,NGO
Doctors Without Borders 1172,NGO
CARE International 2173,NGO
United Nations Foundation 7107,NGO
CARE International 7453,NGO
Red Cross 6764,NGO
Red Cross 3518,NGO
World Wildlife Fund 7790,NGO
Doctors Without Borders 2655,NGO
World Wildlife Fund 2588,NGO
Human Rights Watch 1229,NGO
Oxfam International 7442,NGO
Save the Children 5852,NGO
Amnesty International 4269,NGO
Red Cross 9901,NGO
United Nations Foundation 8880,NGO
Greenpeace 7738,NGO
Save the Children 3480,NGO
Red Cross 7456,NGO
Oxfam International 9295,NGO
United Nations Foundation 2645,NGO
Oxfam International 2810,NGO
CARE International 3529,NGO
Human Rights Watch 3480,NGO
World Wildlife Fund 4655,NGO
Greenpeace 609,NGO
Red Cross 9381,NGO
CARE International 3888,NGO
Red Cross 1200,NGO
Save the Children 4957,NGO
Doctors Without Borders 649,NGO
Amnesty International 3358,NGO
World Wildlife Fund 9634,NGO
World Wildlife Fund 396,NGO
Human Rights Watch 3151,NGO
Save the Children 9992,NGO
United Nations Foundation 6817,NGO
CARE International 5550,NGO
Greenpeace 3491,NGO
Red Cross 9826,NGO
Red Cross 1670,NGO
United Nations Foundation 2585,NGO
United Nations Foundation 8720,NGO
Save the Children 6211,NGO
World Wildlife Fund 2514,NGO
Red Cross 4866,NGO
Save the Children 1599,NGO
Red Cross 3235,NGO
Human Rights Watch 4872,NGO
Amnesty International 1975,NGO
Doctors Without Borders 5154,NGO
Human Rights Watch 4286,NGO
Amnesty International 1618,NGO
World Wildlife Fund 6700,NGO
Human Rights Watch 461,NGO
Doctors Without Borders 9439,NGO
Greenpeace 8224,NGO
Save the Children 7482,NGO
Human Rights Watch 4410,NGO
Doctors Without Borders 5614,NGO
World Wildlife Fund 9739,NGO
Oxfam International 3735,NGO
Greenpeace 2560,NGO
Human Rights Watch 3590,NGO
World Wildlife Fund 3357,NGO
CARE International 3042,NGO
Save the Children 8901,NGO
World Wildlife Fund 1634,NGO
Greenpeace 3213,NGO
Oxfam International 7501,NGO
CARE International 1514,NGO
Oxfam International 9104,NGO
Human Rights Watch 2676,NGO
Doctors Without Borders 4539,NGO
Amnesty International 1018,NGO
United Nations Foundation 3932,NGO
Human Rights Watch 8387,NGO
Red Cross 8508,NGO
Save the Children 6072,NGO
Human Rights Watch 7518,NGO
World Wildlife Fund 4924,NGO
Oxfam International 1725,NGO
Human Rights Watch 9455,NGO
Greenpeace 8536,NGO
Doctors Without Borders 1047,NGO
World Wildlife Fund 7390,NGO
Human Rights Watch 9607,NGO
Red Cross 2996,NGO
Doctors Without Borders 4952,NGO
World Wildlife Fund 1427,NGO
United Nations Foundation 3400,NGO
Amnesty International 5096,NGO
Doctors Without Borders 8553,NGO
Human Rights Watch 6125,NGO
Oxfam International 7578,NGO
Save the Children 4473,NGO
Greenpeace 2664,NGO
Oxfam International 3156,NGO
Save the Children 7265,NGO
Red Cross 6832,NGO
Amnesty International 5840,NGO
CARE International 9394,NGO
CARE International 7961,NGO
World Wildlife Fund 1809,NGO
Red Cross 8180,NGO
United Nations Foundation 9529,NGO
CARE International 5482,NGO
Save the Children 9315,NGO
United Nations Foundation 3742,NGO
Red Cross 1471,NGO
Human Rights Watch 3892,NGO
Oxfam International 8448,NGO
Oxfam International 2343,NGO
Oxfam International 7580,NGO
Red Cross 3785,NGO
CARE International 7654,NGO
Human Rights Watch 2180,NGO
CARE International 9390,NGO
United Nations Foundation 438,NGO
Save the Children 8381,NGO
Doctors Without Borders 4074,NGO
Doctors Without Borders 7152,NGO
CARE International 9738,NGO
Amnesty International 5041,NGO
Greenpeace 9298,NGO
World Wildlife Fund 7644,NGO
Amnesty International 4571,NGO
United Nations Foundation 1083,NGO
Red Cross 2559,NGO
United Nations Foundation 2774,NGO
Greenpeace 112,NGO
Oxfam International 8363,NGO
World Wildlife Fund 1903,NGO
Save the Children 8609,NGO
Save the Children 1736,NGO
Human Rights Watch 917,NGO
Save the Children 787,NGO
Human Rights Watch 1905,NGO
United Nations Foundation 3396,NGO
CARE International 6391,NGO
Save the Children 4525,NGO
United Nations Foundation 7783,NGO
World Wildlife Fund 1333,NGO
Greenpeace 7366,NGO
World Wildlife Fund 1565,NGO
Greenpeace 563,NGO
Save the Children 9334,NGO
Human Rights Watch 375,NGO
Oxfam International 3434,NGO
Red Cross 7997,NGO
Doctors Without Borders 2961,NGO
Oxfam International 1935,NGO
Doctors Without Borders 3515,NGO
Red Cross 4735,NGO
Doctors Without Borders 8489,NGO
Amnesty International 4348,NGO
Save the Children 4760,NGO
Doctors Without Borders 9279,NGO
United Nations Foundation 352,NGO
Oxfam International 9023,NGO
CARE International 298,NGO
CARE International 3652,NGO
Oxfam International 5306,NGO
Oxfam International 3819,NGO
World Wildlife Fund 6259,NGO
Red Cross 1477,NGO
Red Cross 7511,NGO
CARE International 5268,NGO
CARE International 2562,NGO
CARE International 113,NGO
Red Cross 2640,NGO
Human Rights Watch 8926,NGO
Amnesty International 451,NGO
Save the Children 9415,NGO
CARE International 4605,NGO
Human Rights Watch 9481,NGO
World Wildlife Fund 8734,NGO
Red Cross 5236,NGO
Greenpeace 9305,NGO
Oxfam International 3278,NGO
Doctors Without Borders 7086,NGO
CARE International 6421,NGO
Human Rights Watch 3319,NGO
Doctors Without Borders 7545,NGO
CARE International 2560,NGO
Doctors Without Borders 7751,NGO
Greenpeace 771,NGO
CARE International 2590,NGO
Red Cross 2058,NGO
Human Rights Watch 8948,NGO
Red Cross 7454,NGO
CARE International 8436,NGO
United Nations Foundation 7718,NGO
Oxfam International 4227,NGO
Greenpeace 1288,NGO
Human Rights Watch 1203,NGO
Doctors Without Borders 7743,NGO
Amnesty International 9588,NGO
CARE International 958,NGO
Save the Children 5142,NGO
United Nations Foundation 3750,NGO
World Wildlife Fund 3125,NGO
Red Cross 8279,NGO
CARE International 8305,NGO
Oxfam International 8993,NGO
Human Rights Watch 1896,NGO
Greenpeace 8221,NGO
Greenpeace 8692,NGO
Greenpeace 5484,NGO
Red Cross 3206,NGO
Doctors Without Borders 5967,NGO
Human Rights Watch 2240,NGO
Save the Children 9472,NGO
United Nations Foundation 5401,NGO
Oxfam International 325,NGO
United Nations Foundation 5447,NGO
Oxfam International 223,NGO
Human Rights Watch 7478,NGO
United Nations Foundation 1001,NGO
Amnesty International 750,NGO
Save the Children 6633,NGO
Doctors Without Borders 5046,NGO
Oxfam International 6661,NGO
World Wildlife Fund 2271,NGO
Greenpeace 141,NGO
Oxfam International 7168,NGO
Human Rights Watch 7909,NGO
Human Rights Watch 5171,NGO
World Wildlife Fund 4335,NGO
World Wildlife Fund 7007,NGO
United Nations Foundation 1884,NGO
Red Cross 8360,NGO
Human Rights Watch 1271,NGO
United Nations Foundation 3262,NGO
United Nations Foundation 2022,NGO
Greenpeace 2479,NGO
Human Rights Watch 615,NGO
CARE International 698,NGO
World Wildlife Fund 5294,NGO
Greenpeace 6321,NGO
United Nations Foundation 5758,NGO
Save the Children 6131,NGO
Oxfam International 9533,NGO
Doctors Without Borders 9404,NGO
United Nations Foundation 3539,NGO
Human Rights Watch 8192,NGO
Save the Children 8405,NGO
Human Rights Watch 2928,NGO
Human Rights Watch 9607,NGO
Save the Children 7864,NGO
Greenpeace 4123,NGO
Save the Children 7663,NGO
Oxfam International 8325,NGO
Amnesty International 7481,NGO
Human Rights Watch 4516,NGO
CARE International 5355,NGO
Greenpeace 7302,NGO
CARE International 3174,NGO
CARE International 9182,NGO
Red Cross 3442,NGO
Save the Children 3583,NGO
CARE International 3889,NGO
United Nations Foundation 9388,NGO
Greenpeace 4460,NGO
CARE International 1798,NGO
Amnesty International 4885,NGO
Red Cross 628,NGO
Greenpeace 454,NGO
World Wildlife Fund 6340,NGO
Oxfam International 2128,NGO
CARE International 4317,NGO
Greenpeace 9488,NGO
CARE International 3781,NGO
CARE International 1938,NGO
Human Rights Watch 9341,NGO
Greenpeace 8512,NGO
Amnesty International 9848,NGO
Human Rights Watch 5127,NGO
United Nations Foundation 5398,NGO
Human Rights Watch 2784,NGO
United Nations Foundation 8524,NGO
Doctors Without Borders 559,NGO
Human Rights Watch 9441,NGO
Greenpeace 2570,NGO
Human Rights Watch 1489,NGO
Doctors Without Borders 2508,NGO
World Wildlife Fund 1850,NGO
Oxfam International 4205,NGO
World Wildlife Fund 6006,NGO
Greenpeace 3938,NGO
World Wildlife Fund 4988,NGO
CARE International 4467,NGO
World Wildlife Fund 7542,NGO
Oxfam International 2931,NGO
CARE International 3322,NGO
Amnesty International 7396,NGO
Human Rights Watch 3282,NGO
Red Cross 5094,NGO
CARE International 2456,NGO
World Wildlife Fund 4519,NGO
CARE International 9865,NGO
Human Rights Watch 9064,NGO
Human Rights Watch 5684,NGO
World Wildlife Fund 3712,NGO
Amnesty International 7886,NGO
Save the Children 7368,NGO
Oxfam International 5076,NGO
Oxfam International 3164,NGO
Greenpeace 4273,NGO
Oxfam International 8673,NGO
Doctors Without Borders 4612,NGO
United Nations Foundation 3439,NGO
Greenpeace 8081,NGO
United Nations Foundation 6398,NGO
Human Rights Watch 3441,NGO
United Nations Foundation 5998,NGO
United Nations Foundation 5418,NGO
CARE International 1132,NGO
Human Rights Watch 9855,NGO
Save the Children 302,NGO
Red Cross 6244,NGO
Doctors Without Borders 565,NGO
Greenpeace 473,NGO
Greenpeace 7242,NGO
Human Rights Watch 5247,NGO
Doctors Without Borders 5716,NGO
Red Cross 8046,NGO
Oxfam International 2907,NGO
United Nations Foundation 6266,NGO
Amnesty International 8196,NGO
CARE International 4608,NGO
Red Cross 6870,NGO
Oxfam International 7560,NGO
Human Rights Watch 4431,NGO
Human Rights Watch 7061,NGO
Human Rights Watch 6734,NGO
CARE International 8157,NGO
Amnesty International 7502,NGO
Oxfam International 7296,NGO
Save the Children 377,NGO
United Nations Foundation 3915,NGO
World Wildlife Fund 5295,NGO
United Nations Foundation 6249,NGO
Save the Children 4738,NGO
World Wildlife Fund 2494,NGO
Human Rights Watch 6309,NGO
World Wildlife Fund 5379,NGO
Oxfam International 8281,NGO
Doctors Without Borders 8587,NGO
CARE International 3893,NGO
Red Cross 8480,NGO
Oxfam International 9735,NGO
Doctors Without Borders 1226,NGO
Oxfam International 453,NGO
Red Cross 9039,NGO
World Wildlife Fund 5635,NGO
Oxfam International 6887,NGO
United Nations Foundation 8847,NGO
CARE International 2741,NGO
Doctors Without Borders 3753,NGO
Doctors Without Borders 2499,NGO
World Wildlife Fund 5776,NGO
Doctors Without Borders 539,NGO
JP Morgan Chase 8957,Corporation
ExxonMobil 7021,Corporation
ExxonMobil 5150,Corporation
Google (Alphabet Inc.) 6864,Corporation
Microsoft Corporation 983,Corporation
Apple Inc. 7389,Corporation
HSBC Holdings 2123,Corporation
Tesla Inc. 9358,Corporation
HSBC Holdings 6614,Corporation
JP Morgan Chase 794,Corporation
JP Morgan Chase 8974,Corporation
HSBC Holdings 4675,Corporation
HSBC Holdings 6478,Corporation
Amazon 2843,Corporation
Tesla Inc. 1847,Corporation
JP Morgan Chase 9529,Corporation
Microsoft Corporation 7402,Corporation
Tesla Inc. 6316,Corporation
HSBC Holdings 5920,Corporation
Google (Alphabet Inc.) 5561,Corporation
Google (Alphabet Inc.) 3881,Corporation
Tesla Inc. 6277,Corporation
Amazon 2868,Corporation
Microsoft Corporation 9078,Corporation
Google (Alphabet Inc.) 3680,Corporation
Deutsche Bank 454,Corporation
JP Morgan Chase 1841,Corporation
Deutsche Bank 6059,Corporation
ExxonMobil 6890,Corporation
Google (Alphabet Inc.) 8647,Corporation
Deutsche Bank 2271,Corporation
Apple Inc. 8451,Corporation
Deutsche Bank 4466,Corporation
Deutsche Bank 859,Corporation
ExxonMobil 3105,Corporation
Google (Alphabet Inc.) 9438,Corporation
Goldman Sachs 8008,Corporation
Google (Alphabet Inc.) 5861,Corporation
Goldman Sachs 6282,Corporation
Apple Inc. 6580,Corporation
JP Morgan Chase 7525,Corporation
ExxonMobil 4140,Corporation
Tesla Inc. 4067,Corporation
Google (Alphabet Inc.) 4869,Corporation
Deutsche Bank 6726,Corporation
Deutsche Bank 3647,Corporation
Tesla Inc. 2291,Corporation
Microsoft Corporation 8505,Corporation
Amazon 7541,Corporation
Apple Inc. 9376,Corporation
Tesla Inc. 2330,Corporation
ExxonMobil 3160,Corporation
HSBC Holdings 1656,Corporation
JP Morgan Chase 5574,Corporation
Tesla Inc. 5667,Corporation
Apple Inc. 347,Corporation
ExxonMobil 1736,Corporation
Tesla Inc. 1468,Corporation
JP Morgan Chase 6415,Corporation
Microsoft Corporation 5962,Corporation
Tesla Inc. 6908,Corporation
Tesla Inc. 5457,Corporation
ExxonMobil 5509,Corporation
Google (Alphabet Inc.) 2154,Corporation
Amazon 8218,Corporation
Google (Alphabet Inc.) 6373,Corporation
Tesla Inc. 9026,Corporation
Deutsche Bank 5353,Corporation
HSBC Holdings 3945,Corporation
Goldman Sachs 851,Corporation
HSBC Holdings 4798,Corporation
ExxonMobil 9864,Corporation
Amazon 2805,Corporation
Deutsche Bank 6057,Corporation
JP Morgan Chase 9820,Corporation
ExxonMobil 8922,Corporation
Microsoft Corporation 7941,Corporation
Goldman Sachs 1458,Corporation
Amazon 6700,Corporation
HSBC Holdings 1793,Corporation
Google (Alphabet Inc.) 109,Corporation
Google (Alphabet Inc.) 7620,Corporation
Tesla Inc. 1411,Corporation
Google (Alphabet Inc.) 6685,Corporation
Deutsche Bank 1346,Corporation
Amazon 8520,Corporation
Apple Inc. 8145,Corporation
Amazon 7624,Corporation
ExxonMobil 5237,Corporation
Google (Alphabet Inc.) 8991,Corporation
Goldman Sachs 1476,Corporation
ExxonMobil 2265,Corporation
Apple Inc. 2515,Corporation
ExxonMobil 1050,Corporation
JP Morgan Chase 501,Corporation
Google (Alphabet Inc.) 7300,Corporation
Goldman Sachs 7202,Corporation
Tesla Inc. 2954,Corporation
ExxonMobil 741,Corporation
Microsoft Corporation 9347,Corporation
Google (Alphabet Inc.) 2415,Corporation
Deutsche Bank 4087,Corporation
HSBC Holdings 1532,Corporation
Google (Alphabet Inc.) 912,Corporation
ExxonMobil 8096,Corporation
Microsoft Corporation 4539,Corporation
Tesla Inc. 5926,Corporation
Google (Alphabet Inc.) 9070,Corporation
Goldman Sachs 3066,Corporation
Tesla Inc. 9578,Corporation
Apple Inc. 4179,Corporation
Google (Alphabet Inc.) 9190,Corporation
Apple Inc. 710,Corporation
Google (Alphabet Inc.) 6724,Corporation
Tesla Inc. 719,Corporation
Amazon 6560,Corporation
Deutsche Bank 3774,Corporation
JP Morgan Chase 3523,Corporation
Apple Inc. 5246,Corporation
HSBC Holdings 3456,Corporation
Microsoft Corporation 498,Corporation
Amazon 2028,Corporation
Apple Inc. 6917,Corporation
Goldman Sachs 819,Corporation
ExxonMobil 4986,Corporation
Google (Alphabet Inc.) 8221,Corporation
ExxonMobil 2044,Corporation
ExxonMobil 975,Corporation
Microsoft Corporation 5901,Corporation
Amazon 875,Corporation
Amazon 6286,Corporation
Deutsche Bank 4171,Corporation
Tesla Inc. 4353,Corporation
Deutsche Bank 9460,Corporation
ExxonMobil 1902,Corporation
Tesla Inc. 4161,Corporation
ExxonMobil 8042,Corporation
ExxonMobil 4299,Corporation
JP Morgan Chase 7180,Corporation
Goldman Sachs 7816,Corporation
Goldman Sachs 2675,Corporation
Apple Inc. 4287,Corporation
ExxonMobil 5220,Corporation
Google (Alphabet Inc.) 9791,Corporation
Google (Alphabet Inc.) 8080,Corporation
ExxonMobil 9707,Corporation
Goldman Sachs 8979,Corporation
Deutsche Bank 6321,Corporation
Deutsche Bank 6157,Corporation
HSBC Holdings 2106,Corporation
ExxonMobil 4445,Corporation
JP Morgan Chase 8279,Corporation
Apple Inc. 5897,Corporation
Amazon 6362,Corporation
Google (Alphabet Inc.) 6434,Corporation
Google (Alphabet Inc.) 1153,Corporation
Microsoft Corporation 7273,Corporation
HSBC Holdings 820,Corporation
Tesla Inc. 6438,Corporation
Deutsche Bank 487,Corporation
Apple Inc. 276,Corporation
Google (Alphabet Inc.) 1962,Corporation
JP Morgan Chase 8709,Corporation
JP Morgan Chase 1938,Corporation
Apple Inc. 4510,Corporation
JP Morgan Chase 8074,Corporation
Tesla Inc. 9019,Corporation
Apple Inc. 795,Corporation
JP Morgan Chase 9203,Corporation
ExxonMobil 8919,Corporation
Apple Inc. 2603,Corporation
HSBC Holdings 2774,Corporation
Goldman Sachs 4712,Corporation
Google (Alphabet Inc.) 3496,Corporation
Deutsche Bank 6379,Corporation
Apple Inc. 84,Corporation
HSBC Holdings 4286,Corporation
Microsoft Corporation 3051,Corporation
Apple Inc. 7030,Corporation
Apple Inc. 8216,Corporation
Microsoft Corporation 5982,Corporation
Microsoft Corporation 2219,Corporation
JP Morgan Chase 2133,Corporation
HSBC Holdings 4894,Corporation
JP Morgan Chase 7348,Corporation
Google (Alphabet Inc.) 6702,Corporation
Amazon 7410,Corporation
Microsoft Corporation 3795,Corporation
HSBC Holdings 4676,Corporation
Deutsche Bank 6828,Corporation
HSBC Holdings 7217,Corporation
Amazon 1557,Corporation
Microsoft Corporation 7356,Corporation
ExxonMobil 8622,Corporation
Deutsche Bank 1501,Corporation
ExxonMobil 4950,Corporation
Apple Inc. 5952,Corporation
ExxonMobil 2194,Corporation
Google (Alphabet Inc.) 6953,Corporation
Amazon 6587,Corporation
Deutsche Bank 1925,Corporation
Amazon 779,Corporation
Goldman Sachs 3785,Corporation
ExxonMobil 9341,Corporation
HSBC Holdings 6361,Corporation
Tesla Inc. 5704,Corporation
Google (Alphabet Inc.) 4236,Corporation
JP Morgan Chase 9774,Corporation
Apple Inc. 8147,Corporation
HSBC Holdings 8230,Corporation
Google (Alphabet Inc.) 1770,Corporation
ExxonMobil 3132,Corporation
Apple Inc. 2521,Corporation
Amazon 1668,Corporation
HSBC Holdings 1547,Corporation
Goldman Sachs 1439,Corporation
Microsoft Corporation 7996,Corporation
HSBC Holdings 5522,Corporation
Goldman Sachs 5164,Corporation
Microsoft Corporation 3359,Corporation
ExxonMobil 7139,Corporation
Deutsche Bank 3603,Corporation
ExxonMobil 3009,Corporation
Amazon 6752,Corporation
Deutsche Bank 9436,Corporation
Apple Inc. 5743,Corporation
Goldman Sachs 2241,Corporation
Deutsche Bank 5084,Corporation
Amazon 3110,Corporation
Tesla Inc. 7492,Corporation
Deutsche Bank 7362,Corporation
HSBC Holdings 8668,Corporation
Tesla Inc. 3659,Corporation
ExxonMobil 7083,Corporation
Goldman Sachs 1947,Corporation
Tesla Inc. 2604,Corporation
Goldman Sachs 3463,Corporation
Apple Inc. 9597,Corporation
Tesla Inc. 4058,Corporation
JP Morgan Chase 8805,Corporation
Microsoft Corporation 8689,Corporation
Amazon 2396,Corporation
Apple Inc. 1599,Corporation
Apple Inc. 1740,Corporation
Microsoft Corporation 4654,Corporation
Deutsche Bank 2855,Corporation
Tesla Inc. 7792,Corporation
Apple Inc. 2148,Corporation
Apple Inc. 6554,Corporation
Tesla Inc. 8838,Corporation
JP Morgan Chase 3875,Corporation
Amazon 1118,Corporation
Apple Inc. 670,Corporation
Microsoft Corporation 1662,Corporation
Goldman Sachs 3593,Corporation
Goldman Sachs 515,Corporation
JP Morgan Chase 727,Corporation
Apple Inc. 9358,Corporation
Tesla Inc. 6000,Corporation
Microsoft Corporation 7529,Corporation
ExxonMobil 3636,Corporation
Deutsche Bank 4913,Corporation
HSBC Holdings 5389,Corporation
Apple Inc. 1487,Corporation
Deutsche Bank 3055,Corporation
Microsoft Corporation 130,Corporation
Goldman Sachs 2863,Corporation
Goldman Sachs 9044,Corporation
Amazon 7787,Corporation
Deutsche Bank 3214,Corporation
Google (Alphabet Inc.) 2068,Corporation
Amazon 4192,Corporation
Goldman Sachs 4762,Corporation
HSBC Holdings 7260,Corporation
HSBC Holdings 1187,Corporation
Microsoft Corporation 9686,Corporation
Goldman Sachs 746,Corporation
Microsoft Corporation 7741,Corporation
Google (Alphabet Inc.) 8193,Corporation
Tesla Inc. 6349,Corporation
HSBC Holdings 8634,Corporation
Tesla Inc. 3950,Corporation
Apple Inc. 9207,Corporation
Tesla Inc. 6831,Corporation
Tesla Inc. 6762,Corporation
Tesla Inc. 8525,Corporation
Google (Alphabet Inc.) 7033,Corporation
Goldman Sachs 6589,Corporation
Google (Alphabet Inc.) 8219,Corporation
JP Morgan Chase 8904,Corporation
Amazon 7726,Corporation
JP Morgan Chase 2644,Corporation
Amazon 6811,Corporation
ExxonMobil 4301,Corporation
Goldman Sachs 7234,Corporation
Tesla Inc. 609,Corporation
Goldman Sachs 5722,Corporation
ExxonMobil 4520,Corporation
Microsoft Corporation 7503,Corporation
HSBC Holdings 5028,Corporation
Amazon 825,Corporation
ExxonMobil 2155,Corporation
HSBC Holdings 6097,Corporation
Deutsche Bank 2672,Corporation
Tesla Inc. 2590,Corporation
ExxonMobil 9085,Corporation
ExxonMobil 2045,Corporation
Tesla Inc. 8393,Corporation
ExxonMobil 7283,Corporation
Amazon 1968,Corporation
Microsoft Corporation 1881,Corporation
Tesla Inc. 5443,Corporation
Goldman Sachs 7090,Corporation
JP Morgan Chase 8617,Corporation
Apple Inc. 2043,Corporation
Microsoft Corporation 3950,Corporation
JP Morgan Chase 7039,Corporation
ExxonMobil 6789,Corporation
Google (Alphabet Inc.) 7485,Corporation
Tesla Inc. 3906,Corporation
Microsoft Corporation 9428,Corporation
HSBC Holdings 5319,Corporation
Deutsche Bank 4097,Corporation
Microsoft Corporation 1643,Corporation
Deutsche Bank 7894,Corporation
Apple Inc. 8975,Corporation
Google (Alphabet Inc.) 515,Corporation
Deutsche Bank 2299,Corporation
Tesla Inc. 8140,Corporation
Goldman Sachs 4495,Corporation
Apple Inc. 7446,Corporation
Tesla Inc. 1840,Corporation
Amazon 1420,Corporation
HSBC Holdings 9716,Corporation
HSBC Holdings 5464,Corporation
HSBC Holdings 9928,Corporation
HSBC Holdings 1600,Corporation
Microsoft Corporation 9392,Corporation
Tesla Inc. 9084,Corporation
Amazon 2012,Corporation
Google (Alphabet Inc.) 3982,Corporation
Deutsche Bank 2689,Corporation
Goldman Sachs 1550,Corporation
Deutsche Bank 5754,Corporation
Tesla Inc. 650,Corporation
Google (Alphabet Inc.) 6636,Corporation
ExxonMobil 9051,Corporation
HSBC Holdings 2998,Corporation
Tesla Inc. 8749,Corporation
Goldman Sachs 4475,Corporation
Goldman Sachs 3102,Corporation
Amazon 8372,Corporation
HSBC Holdings 7136,Corporation
Tesla Inc. 6130,Corporation
Amazon 6802,Corporation
Deutsche Bank 3008,Corporation
ExxonMobil 3032,Corporation
Microsoft Corporation 9718,Corporation
Goldman Sachs 7652,Corporation
Apple Inc. 8171,Corporation
ExxonMobil 9197,Corporation
ExxonMobil 3928,Corporation
Apple Inc. 351,Corporation
Microsoft Corporation 3666,Corporation
Deutsche Bank 4635,Corporation
Google (Alphabet Inc.) 4698,Corporation
Tesla Inc. 4813,Corporation
HSBC Holdings 3183,Corporation
Apple Inc. 8706,Corporation
Goldman Sachs 1879,Corporation
Google (Alphabet Inc.) 2164,Corporation
Tesla Inc. 9401,Corporation
Goldman Sachs 1897,Corporation
HSBC Holdings 3543,Corporation
JP Morgan Chase 1938,Corporation
Microsoft Corporation 189,Corporation
Microsoft Corporation 4689,Corporation
Goldman Sachs 9217,Corporation
HSBC Holdings 5823,Corporation
Tesla Inc. 197,Corporation
ExxonMobil 9121,Corporation
Goldman Sachs 6017,Corporation
JP Morgan Chase 1056,Corporation
Google (Alphabet Inc.) 7765,Corporation
Apple Inc. 3995,Corporation
Deutsche Bank 9736,Corporation
Apple Inc. 118,Corporation
HSBC Holdings 7931,Corporation
ExxonMobil 5433,Corporation
Tesla Inc. 3146,Corporation
Tesla Inc. 2703,Corporation
Deutsche Bank 7428,Corporation
Deutsche Bank 1882,Corporation
ExxonMobil 137,Corporation
Goldman Sachs 3807,Corporation
Microsoft Corporation 2081,Corporation
Tesla Inc. 4412,Corporation
Microsoft Corporation 7617,Corporation
ExxonMobil 325,Corporation
Amazon 2964,Corporation
JP Morgan Chase 3035,Corporation
Tesla Inc. 47,Corporation
Microsoft Corporation 5947,Corporation
HSBC Holdings 4507,Corporation
Microsoft Corporation 8291,Corporation
HSBC Holdings 1509,Corporation
JP Morgan Chase 3369,Corporation
JP Morgan Chase 855,Corporation
Amazon 593,Corporation
Tesla Inc. 477,Corporation
Tesla Inc. 3105,Corporation
Microsoft Corporation 911,Corporation
Tesla Inc. 1662,Corporation
ExxonMobil 6031,Corporation
Goldman Sachs 7106,Corporation
ExxonMobil 2087,Corporation
Apple Inc. 7450,Corporation
Goldman Sachs 2383,Corporation
Deutsche Bank 8063,Corporation
Apple Inc. 3309,Corporation
ExxonMobil 3935,Corporation
Apple Inc. 3878,Corporation
HSBC Holdings 9411,Corporation
Tesla Inc. 1210,Corporation
Amazon 560,Corporation
Tesla Inc. 7724,Corporation
Apple Inc. 6147,Corporation
Deutsche Bank 4287,Corporation
Amazon 6177,Corporation
JP Morgan Chase 7643,Corporation
HSBC Holdings 7029,Corporation
Tesla Inc. 2124,Corporation
HSBC Holdings 1272,Corporation
HSBC Holdings 8142,Corporation
ExxonMobil 9458,Corporation
Google (Alphabet Inc.) 6205,Corporation
HSBC Holdings 8049,Corporation
Microsoft Corporation 7616,Corporation
Google (Alphabet Inc.) 7693,Corporation
Goldman Sachs 273,Corporation
Google (Alphabet Inc.) 3049,Corporation
Apple Inc. 1269,Corporation
Tesla Inc. 3575,Corporation
Apple Inc. 4309,Corporation
Google (Alphabet Inc.) 336,Corporation
Deutsche Bank 3211,Corporation
Microsoft Corporation 6353,Corporation
JP Morgan Chase 4306,Corporation
Deutsche Bank 3521,Corporation
Google (Alphabet Inc.) 3757,Corporation
Tesla Inc. 1852,Corporation
HSBC Holdings 89,Corporation
Apple Inc. 8110,Corporation
Deutsche Bank 66,Corporation
HSBC Holdings 3327,Corporation
Microsoft Corporation 2314,Corporation
Amazon 1324,Corporation
Deutsche Bank 6090,Corporation
Goldman Sachs 4095,Corporation
Goldman Sachs 230,Corporation
Microsoft Corporation 7135,Corporation
Apple Inc. 5283,Corporation
Amazon 2260,Corporation
Goldman Sachs 4056,Corporation
HSBC Holdings 6322,Corporation
ExxonMobil 2467,Corporation
ExxonMobil 9934,Corporation
Deutsche Bank 3427,Corporation
ExxonMobil 4568,Corporation
Amazon 37,Corporation
HSBC Holdings 9649,Corporation
Microsoft Corporation 5457,Corporation
Google (Alphabet Inc.) 9434,Corporation
Apple Inc. 2504,Corporation
Apple Inc. 8617,Corporation
Microsoft Corporation 230,Corporation
ExxonMobil 3692,Corporation
JP Morgan Chase 7068,Corporation
Deutsche Bank 1177,Corporation
Deutsche Bank 8134,Corporation
ExxonMobil 6144,Corporation
Tesla Inc. 6980,Corporation
Tesla Inc. 4449,Corporation
HSBC Holdings 9813,Corporation
Microsoft Corporation 9754,Corporation
Microsoft Corporation 6138,Corporation
Amazon 7661,Corporation
Microsoft Corporation 5791,Corporation
Amazon 7611,Corporation
Deutsche Bank 6029,Corporation
ExxonMobil 3367,Corporation
Google (Alphabet Inc.) 1124,Corporation
Microsoft Corporation 5038,Corporation
Apple Inc. 7635,Corporation
Deutsche Bank 7812,Corporation
Amazon 6608,Corporation
Goldman Sachs 3538,Corporation
Google (Alphabet Inc.) 6287,Corporation
Amazon 9570,Corporation
Tesla Inc. 1968,Corporation
Donald Trump 6507,PEP
Xi Jinping 3964,PEP
Boris Johnson 8894,PEP
Narendra Modi 4151,PEP
Emmanuel Macron 1590,PEP
Emmanuel Macron 9236,PEP
Boris Johnson 8940,PEP
Narendra Modi 4489,PEP
Angela Merkel 7339,PEP
Boris Johnson 1512,PEP
Donald Trump 5536,PEP
Hillary Clinton 1031,PEP
Donald Trump 3466,PEP
Xi Jinping 5254,PEP
Narendra Modi 2692,PEP
Hillary Clinton 6269,PEP
Vladimir Putin 2449,PEP
Boris Johnson 3672,PEP
Angela Merkel 9021,PEP
Joe Biden 7149,PEP
Vladimir Putin 6785,PEP
Xi Jinping 3524,PEP
Narendra Modi 1695,PEP
Joe Biden 9893,PEP
Vladimir Putin 4828,PEP
Boris Johnson 2872,PEP
Vladimir Putin 1869,PEP
Boris Johnson 9018,PEP
Hillary Clinton 1818,PEP
Xi Jinping 9261,PEP
Boris Johnson 4228,PEP
Angela Merkel 5425,PEP
Vladimir Putin 2657,PEP
Xi Jinping 3384,PEP
Vladimir Putin 1377,PEP
Boris Johnson 2419,PEP
Joe Biden 4099,PEP
Hillary Clinton 2413,PEP
Joe Biden 80,PEP
Boris Johnson 5583,PEP
Xi Jinping 5311,PEP
Hillary Clinton 6313,PEP
Hillary Clinton 3603,PEP
Hillary Clinton 5968,PEP
Narendra Modi 2161,PEP
Emmanuel Macron 8372,PEP
Joe Biden 1617,PEP
Donald Trump 1258,PEP
Emmanuel Macron 1316,PEP
Emmanuel Macron 5533,PEP
Narendra Modi 8733,PEP
Donald Trump 5447,PEP
Joe Biden 7049,PEP
Narendra Modi 9089,PEP
Joe Biden 1498,PEP
Vladimir Putin 3819,PEP
Barack Obama 7237,PEP
Xi Jinping 9719,PEP
Emmanuel Macron 6568,PEP
Emmanuel Macron 6508,PEP
Xi Jinping 6541,PEP
Emmanuel Macron 8544,PEP
Donald Trump 3516,PEP
Angela Merkel 987,PEP
Boris Johnson 2272,PEP
Joe Biden 3886,PEP
Joe Biden 1660,PEP
Barack Obama 9000,PEP
Xi Jinping 9702,PEP
Joe Biden 714,PEP
Barack Obama 5831,PEP
Barack Obama 573,PEP
Emmanuel Macron 9012,PEP
Boris Johnson 5046,PEP
Vladimir Putin 6147,PEP
Boris Johnson 4252,PEP
Donald Trump 6595,PEP
Donald Trump 7455,PEP
Boris Johnson 3327,PEP
Boris Johnson 1867,PEP
Hillary Clinton 1568,PEP
Donald Trump 7378,PEP
Xi Jinping 1159,PEP
Xi Jinping 6950,PEP
Emmanuel Macron 5077,PEP
Barack Obama 7518,PEP
Boris Johnson 1018,PEP
Emmanuel Macron 307,PEP
Narendra Modi 4949,PEP
Narendra Modi 5131,PEP
Emmanuel Macron 1479,PEP
Donald Trump 7708,PEP
Vladimir Putin 8624,PEP
Hillary Clinton 1922,PEP
Vladimir Putin 5700,PEP
Barack Obama 6359,PEP
Vladimir Putin 1170,PEP
Joe Biden 8573,PEP
Vladimir Putin 5228,PEP
Narendra Modi 1042,PEP
Emmanuel Macron 6436,PEP
Narendra Modi 2404,PEP
Xi Jinping 7202,PEP
Xi Jinping 5798,PEP
Hillary Clinton 1138,PEP
Vladimir Putin 438,PEP
Narendra Modi 3461,PEP
Boris Johnson 2024,PEP
Xi Jinping 5958,PEP
Hillary Clinton 2265,PEP
Boris Johnson 7737,PEP
Narendra Modi 8427,PEP
Joe Biden 2919,PEP
Emmanuel Macron 1559,PEP
Boris Johnson 5117,PEP
Angela Merkel 482,PEP
Narendra Modi 7205,PEP
Vladimir Putin 2020,PEP
Narendra Modi 3867,PEP
Boris Johnson 1709,PEP
Barack Obama 9066,PEP
Joe Biden 7183,PEP
Boris Johnson 3815,PEP
Narendra Modi 1652,PEP
Hillary Clinton 6723,PEP
Donald Trump 9929,PEP
Xi Jinping 4154,PEP
Vladimir Putin 8413,PEP
Barack Obama 9643,PEP
Donald Trump 7068,PEP
Barack Obama 2964,PEP
Vladimir Putin 1063,PEP
Barack Obama 5190,PEP
Donald Trump 1058,PEP
Joe Biden 9851,PEP
Narendra Modi 9245,PEP
Vladimir Putin 5620,PEP
Barack Obama 5253,PEP
Boris Johnson 4103,PEP
Angela Merkel 1397,PEP
Hillary Clinton 8992,PEP
Angela Merkel 1992,PEP
Emmanuel Macron 1528,PEP
Barack Obama 9349,PEP
Barack Obama 9198,PEP
Angela Merkel 4563,PEP
Vladimir Putin 1551,PEP
Donald Trump 9411,PEP
Angela Merkel 5564,PEP
Vladimir Putin 166,PEP
Boris Johnson 3645,PEP
Emmanuel Macron 7927,PEP
Hillary Clinton 6284,PEP
Hillary Clinton 2552,PEP
Angela Merkel 160,PEP
Hillary Clinton 6648,PEP
Emmanuel Macron 7966,PEP
Vladimir Putin 4003,PEP
Hillary Clinton 3104,PEP
Emmanuel Macron 404,PEP
Barack Obama 7187,PEP
Emmanuel Macron 111,PEP
Vladimir Putin 1208,PEP
Angela Merkel 4628,PEP
Angela Merkel 7220,PEP
Xi Jinping 5404,PEP
Xi Jinping 7697,PEP
Donald Trump 4939,PEP
Narendra Modi 7867,PEP
Emmanuel Macron 484,PEP
Xi Jinping 6922,PEP
Boris Johnson 3080,PEP
Donald Trump 5654,PEP
Boris Johnson 9220,PEP
Vladimir Putin 1624,PEP
Boris Johnson 2067,PEP
Donald Trump 4108,PEP
Emmanuel Macron 6862,PEP
Angela Merkel 6338,PEP
Angela Merkel 6800,PEP
Barack Obama 5591,PEP
Hillary Clinton 5120,PEP
Narendra Modi 724,PEP
Joe Biden 8448,PEP
Donald Trump 7567,PEP
Boris Johnson 4218,PEP
Hillary Clinton 6972,PEP
Barack Obama 2307,PEP
Barack Obama 6466,PEP
Joe Biden 224,PEP
Hillary Clinton 8648,PEP
Angela Merkel 3717,PEP
Hillary Clinton 6755,PEP
Angela Merkel 1995,PEP
Xi Jinping 1427,PEP
Hillary Clinton 1432,PEP
Boris Johnson 5098,PEP
Xi Jinping 5061,PEP
Angela Merkel 5873,PEP
Joe Biden 7998,PEP
Barack Obama 9765,PEP
Barack Obama 9373,PEP
Donald Trump 9340,PEP
Vladimir Putin 406,PEP
Boris Johnson 3501,PEP
Barack Obama 224,PEP
Barack Obama 4064,PEP
Vladimir Putin 6750,PEP
Barack Obama 8953,PEP
Joe Biden 4588,PEP
Narendra Modi 7617,PEP
Xi Jinping 5776,PEP
Xi Jinping 690,PEP
Barack Obama 8850,PEP
Boris Johnson 1802,PEP
Narendra Modi 9947,PEP
Boris Johnson 3055,PEP
Barack Obama 818,PEP
Narendra Modi 6184,PEP
Angela Merkel 5550,PEP
Vladimir Putin 7137,PEP
Narendra Modi 8940,PEP
Emmanuel Macron 8835,PEP
Boris Johnson 9351,PEP
Xi Jinping 2937,PEP
Boris Johnson 5882,PEP
Donald Trump 6703,PEP
Vladimir Putin 8100,PEP
Vladimir Putin 9291,PEP
Donald Trump 946,PEP
Narendra Modi 7883,PEP
Angela Merkel 2178,PEP
Barack Obama 8080,PEP
Vladimir Putin 8691,PEP
Emmanuel Macron 1903,PEP
Emmanuel Macron 6650,PEP
Hillary Clinton 6475,PEP
Vladimir Putin 1472,PEP
Hillary Clinton 1079,PEP
Xi Jinping 8233,PEP
Barack Obama 7174,PEP
Emmanuel Macron 7111,PEP
Hillary Clinton 8999,PEP
Donald Trump 1606,PEP
Vladimir Putin 4925,PEP
Joe Biden 7372,PEP
Joe Biden 6976,PEP
Angela Merkel 7204,PEP
Boris Johnson 4050,PEP
Angela Merkel 9526,PEP
Barack Obama 8884,PEP
Hillary Clinton 782,PEP
Donald Trump 142,PEP
Emmanuel Macron 7725,PEP
Barack Obama 9725,PEP
Vladimir Putin 3204,PEP
Angela Merkel 1425,PEP
Boris Johnson 669,PEP
Joe Biden 9626,PEP
Hillary Clinton 9586,PEP
Xi Jinping 2123,PEP
Xi Jinping 7372,PEP
Joe Biden 2042,PEP
Barack Obama 5293,PEP
Donald Trump 6615,PEP
Boris Johnson 2703,PEP
Narendra Modi 2281,PEP
Hillary Clinton 7530,PEP
Emmanuel Macron 639,PEP
Barack Obama 4713,PEP
Boris Johnson 8433,PEP
Xi Jinping 6175,PEP
Joe Biden 8472,PEP
Angela Merkel 1733,PEP
Narendra Modi 1401,PEP
Boris Johnson 2623,PEP
Emmanuel Macron 3769,PEP
Barack Obama 2847,PEP
Barack Obama 933,PEP
Donald Trump 1618,PEP
Barack Obama 5148,PEP
Joe Biden 7079,PEP
Boris Johnson 7602,PEP
Xi Jinping 6756,PEP
Hillary Clinton 1647,PEP
Boris Johnson 9684,PEP
Emmanuel Macron 306,PEP
Angela Merkel 6359,PEP
Hillary Clinton 8886,PEP
Xi Jinping 7957,PEP
Vladimir Putin 2750,PEP
Donald Trump 4075,PEP
Xi Jinping 4229,PEP
Xi Jinping 2778,PEP
Donald Trump 1906,PEP
Xi Jinping 8685,PEP
Emmanuel Macron 7675,PEP
Angela Merkel 122,PEP
Vladimir Putin 2435,PEP
Joe Biden 209,PEP
Barack Obama 9150,PEP
Donald Trump 5369,PEP
Emmanuel Macron 6408,PEP
Xi Jinping 4368,PEP
Boris Johnson 2693,PEP
Emmanuel Macron 4486,PEP
Xi Jinping 4764,PEP
Xi Jinping 8901,PEP
Barack Obama 8235,PEP
Joe Biden 6886,PEP
Boris Johnson 5013,PEP
Narendra Modi 4292,PEP
Vladimir Putin 9086,PEP
Angela Merkel 4489,PEP
Hillary Clinton 9405,PEP
Joe Biden 5350,PEP
Donald Trump 3962,PEP
Xi Jinping 8031,PEP
Vladimir Putin 3038,PEP
Narendra Modi 2850,PEP
Donald Trump 2081,PEP
Vladimir Putin 7472,PEP
Barack Obama 9867,PEP
Angela Merkel 5068,PEP
Vladimir Putin 9364,PEP
Emmanuel Macron 8171,PEP
Joe Biden 7093,PEP
Joe Biden 6769,PEP
Joe Biden 4071,PEP
Hillary Clinton 2856,PEP
Boris Johnson 6145,PEP
Boris Johnson 9164,PEP
Donald Trump 1415,PEP
Hillary Clinton 3456,PEP
Donald Trump 231,PEP
Narendra Modi 449,PEP
Boris Johnson 9151,PEP
Angela Merkel 3911,PEP
Joe Biden 297,PEP
Vladimir Putin 6969,PEP
Donald Trump 8523,PEP
Barack Obama 8431,PEP
Boris Johnson 2270,PEP
Joe Biden 273,PEP
Boris Johnson 7008,PEP
Donald Trump 2982,PEP
Barack Obama 4864,PEP
Hillary Clinton 3815,PEP
Boris Johnson 5418,PEP
Donald Trump 6064,PEP
Emmanuel Macron 8582,PEP
Donald Trump 6030,PEP
Hillary Clinton 5370,PEP
Boris Johnson 8424,PEP
Xi Jinping 5800,PEP
Barack Obama 6488,PEP
Joe Biden 8270,PEP
Xi Jinping 1726,PEP
Xi Jinping 4308,PEP
Vladimir Putin 5959,PEP
Barack Obama 664,PEP
Hillary Clinton 7309,PEP
Narendra Modi 4140,PEP
Narendra Modi 1850,PEP
Hillary Clinton 1271,PEP
Emmanuel Macron 4158,PEP
Joe Biden 1599,PEP
Xi Jinping 9010,PEP
Barack Obama 9118,PEP
Joe Biden 8541,PEP
Xi Jinping 6840,PEP
Barack Obama 1639,PEP
Vladimir Putin 3654,PEP
Angela Merkel 4917,PEP
Xi Jinping 7224,PEP
Angela Merkel 7243,PEP
Donald Trump 1330,PEP
Boris Johnson 132,PEP
Boris Johnson 6705,PEP
Narendra Modi 1097,PEP
Hillary Clinton 9413,PEP
Boris Johnson 5705,PEP
Donald Trump 4829,PEP
Joe Biden 3469,PEP
Barack Obama 4889,PEP
Angela Merkel 1088,PEP
Angela Merkel 2313,PEP
Vladimir Putin 30,PEP
Angela Merkel 5068,PEP
Joe Biden 2172,PEP
Joe Biden 3322,PEP
Emmanuel Macron 9697,PEP
Hillary Clinton 2240,PEP
Emmanuel Macron 9973,PEP
Barack Obama 2114,PEP
Boris Johnson 1610,PEP
Boris Johnson 1678,PEP
Angela Merkel 7827,PEP
Barack Obama 4340,PEP
Vladimir Putin 8089,PEP
Angela Merkel 2190,PEP
Barack Obama 5705,PEP
Narendra Modi 4846,PEP
Barack Obama 5115,PEP
Vladimir Putin 2502,PEP
Hillary Clinton 2826,PEP
Angela Merkel 1645,PEP
Angela Merkel 7632,PEP
Narendra Modi 2566,PEP
Boris Johnson 6427,PEP
Narendra Modi 7739,PEP
Joe Biden 6223,PEP
Donald Trump 3762,PEP
Boris Johnson 1408,PEP
Barack Obama 9002,PEP
Boris Johnson 1517,PEP
Barack Obama 4000,PEP
Hillary Clinton 6994,PEP
Barack Obama 134,PEP
Angela Merkel 2700,PEP
Vladimir Putin 8623,PEP
Hillary Clinton 4800,PEP
Donald Trump 5949,PEP
Joe Biden 6932,PEP
Emmanuel Macron 9599,PEP
Narendra Modi 5913,PEP
Vladimir Putin 5779,PEP
Vladimir Putin 752,PEP
Barack Obama 3235,PEP
Xi Jinping 9984,PEP
Angela Merkel 4450,PEP
Boris Johnson 3981,PEP
Donald Trump 3400,PEP
Joe Biden 2393,PEP
Narendra Modi 7023,PEP
Donald Trump 6041,PEP
Donald Trump 6448,PEP
Boris Johnson 8564,PEP
Angela Merkel 3604,PEP
Angela Merkel 7510,PEP
Angela Merkel 6788,PEP
Donald Trump 2661,PEP
Narendra Modi 4120,PEP
Joe Biden 1224,PEP
Hillary Clinton 2167,PEP
Boris Johnson 6011,PEP
Hillary Clinton 8220,PEP
Hillary Clinton 7681,PEP
Barack Obama 6223,PEP
Emmanuel Macron 930,PEP
Emmanuel Macron 658,PEP
Emmanuel Macron 5290,PEP
Barack Obama 3241,PEP
Boris Johnson 8093,PEP
Xi Jinping 4295,PEP
Angela Merkel 1197,PEP
Angela Merkel 2946,PEP
Joe Biden 6591,PEP
Xi Jinping 2072,PEP
Angela Merkel 7232,PEP
Vladimir Putin 3082,PEP
Hillary Clinton 6707,PEP
Hillary Clinton 7632,PEP
Hillary Clinton 5924,PEP
Angela Merkel 6020,PEP
Emmanuel Macron 3608,PEP
Angela Merkel 7471,PEP
Barack Obama 3175,PEP
Boris Johnson 4968,PEP
Joe Biden 5083,PEP
Angela Merkel 8474,PEP
Donald Trump 1438,PEP
Vladimir Putin 8957,PEP
Narendra Modi 6988,PEP
Vladimir Putin 1084,PEP
Angela Merkel 2636,PEP
Emmanuel Macron 6629,PEP
Angela Merkel 6095,PEP
Emmanuel Macron 8069,PEP
Donald Trump 9744,PEP
Angela Merkel 1112,PEP
Barack Obama 1132,PEP
Emmanuel Macron 8530,PEP
Vladimir Putin 5959,PEP
Narendra Modi 7952,PEP
Hillary Clinton 3203,PEP
Hillary Clinton 6014,PEP
Joe Biden 2242,PEP
Barack Obama 7272,PEP
Emmanuel Macron 2035,PEP
Vladimir Putin 1313,PEP
Narendra Modi 9976,PEP
Vladimir Putin 8793,PEP
Angela Merkel 6435,PEP
Joe Biden 8752,PEP
Donald Trump 5206,PEP
Joe Biden 8548,PEP
Hillary Clinton 8056,PEP
Donald Trump 4449,PEP
Boris Johnson 2194,PEP
